date,portfolio_value,step_return,scalar,turnover,cash_weight,eqw_matched_return
2022-01-05,997377.9240434517,-0.002622075956548331,1.0,1.0,0.0,-0.002622075956548331
2022-01-06,979325.5829991603,-0.018099800094938657,1.0,0.0292701780477142,0.0,-0.018099800094938657
2022-01-07,978878.3162397079,-0.00045670895074819415,0.8652607172147028,0.13473922616567727,0.13409417097531057,-0.00045670895074819415
2022-01-10,970407.7094533311,-0.008653380758209086,0.8652607172147028,0.0,0.13458281648439374,-0.008653380758209086
2022-01-11,974900.6415274872,0.004629942683253382,0.8652607172147028,0.01793888462231874,0.1334387113837744,0.004629942683253382
2022-01-12,985005.6140746762,0.010365130677682579,0.8652607172147028,0.0,0.13140404452962962,0.010365130677682579
2022-01-13,984232.4782986805,-0.0007849049436352348,0.8652607172147028,0.026763268831030335,0.13416010671212028,-0.0007849049436352348
2022-01-14,970898.7150212734,-0.013547371755558769,0.8652607172147028,0.018594554084612525,0.13589739027989847,-0.013547371755558769
2022-01-18,964566.1748314204,-0.006522348924639565,0.8652607172147028,0.043722834177586156,0.13493135212634208,-0.006522348924639565
2022-01-19,962586.043875828,-0.0020528720654531063,0.8652607172147028,0.02360248894943101,0.1343310973217597,-0.0020528720654531063
2022-01-20,960074.1138037522,-0.0026095641922685496,0.8652607172147028,0.038133223198243416,0.1344031424076933,-0.0026095641922685496
2022-01-21,950899.4503973024,-0.009556203291535907,0.8652607172147028,0.026654917993853416,0.13534812919379102,-0.009556203291535907
2022-01-24,934623.9450094361,-0.01711590576802426,0.8652607172147028,0.02103783253815872,0.13639029797213542,-0.01711590576802426
2022-01-25,934173.2009421089,-0.0004822731856315591,0.7651554803173843,0.09845421131421617,0.2337389081016997,-0.0004822731856315591
2022-01-26,940063.076007374,0.006304906905191883,0.7651554803173843,0.010506394417522574,0.23219299943000063,0.006304906905191883
2022-01-27,933261.600152021,-0.007235127119597225,0.7651554803173843,0.01905807769771975,0.2353568411686074,-0.007235127119597225
2022-01-28,924973.9601976889,-0.008880296749573918,0.7651554803173843,0.022272163055918837,0.23574643209133828,-0.008880296749573918
2022-01-31,933926.218278975,0.00967838930230294,0.7651554803173843,0.021010614899583363,0.23141366271960218,0.00967838930230294
2022-02-01,943963.475866871,0.010747377460279964,0.7651554803173843,0.025640417649931274,0.23116720564004642,0.010747377460279964
2022-02-02,946940.6017798322,0.0031538571026036933,0.7651554803173843,0.03158451952791266,0.23291498639907415,0.0031538571026036933
2022-02-03,939127.747371361,-0.00825062775192701,0.7651554803173843,0.020449105518388966,0.23559734820344813,-0.00825062775192701
2022-02-04,932081.303220408,-0.007503179594763462,0.7651554803173843,0.023403964283527368,0.23541881689361094,-0.007503179594763462
2022-02-07,934380.8315421455,0.0024670898491283835,0.7651554803173843,0.04166169455017443,0.23307111838241673,0.0024670898491283835
2022-02-08,930677.949194131,-0.0039629262748285396,0.7651554803173843,0.012329224627750907,0.23458600822171732,-0.0039629262748285396
2022-02-09,940575.7896779508,0.010635086489789856,0.8288269921514364,0.0634130240758532,0.16850189193025347,0.010635086489789856
2022-02-10,934219.7903170062,-0.006757562155752359,0.8288269921514364,0.018497019434957684,0.17146407009802223,-0.006757562155752359
2022-02-11,930579.113677832,-0.0038970236735606373,0.8288269921514364,0.022477715352659716,0.17097071281291681,-0.0038970236735606373
2022-02-14,922032.2838009405,-0.009184420487488375,0.8288269921514364,0.024519367508268608,0.17188260560181604,-0.009184420487488375
2022-02-15,924239.9315051849,0.002394327989410154,0.8288269921514364,0.03383178056816205,0.16989475410098734,0.002394327989410154
2022-02-16,924461.658371476,0.00023990184662335545,0.8288269921514364,0.017712332275898218,0.17026479629740646,0.00023990184662335545
2022-02-17,925514.7834144665,0.0011391765504323078,0.8288269921514364,0.03736633766028896,0.17010689973063334,0.0011391765504323078
2022-02-18,918965.4338971248,-0.007076439657916038,0.8957877854872903,0.06589478669202553,0.10441543455816499,-0.007076439657916038
2022-02-22,911102.962611971,-0.008555785664114605,0.8957877854872903,0.034414272063748946,0.10457616940767445,-0.008555785664114605
2022-02-23,911669.4651183696,0.0006217766044515248,0.8957877854872903,0.02301488694483181,0.10361883950708735,0.0006217766044515248
2022-02-24,888888.9277182987,-0.024987715692674894,0.8957877854872903,0.01917110550485393,0.10634108433853114,-0.024987715692674894
2022-02-25,901369.5223068839,0.014040668298818625,0.6936621423949952,0.19999680410586432,0.30048325758177097,0.014040668298818625
2022-02-28,904930.4436198155,0.003950567691503563,0.6936621423949952,0.033090907472796846,0.303579190763514,0.003950567691503563
2022-03-01,907900.5711244033,0.0032821611047882727,0.6936621423949952,0.03526444042755045,0.3037804553345042,0.0032821611047882727
2022-03-02,904217.9346671026,-0.004056211191430149,0.6936621423949952,0.033110689002623206,0.306019722266551,-0.004056211191430149
2022-03-03,907969.3527647633,0.00414879859581835,0.6936621423949952,0.029282745777375954,0.30352097413310425,0.00414879859581835
2022-03-04,901672.4218159559,-0.006935180058262166,0.6936621423949952,0.029862252148042265,0.30690844003900364,-0.006935180058262166
2022-03-07,900376.4400648918,-0.0014373088493202242,0.7446073152648466,0.05151577701888953,0.2544513521765461,-0.0014373088493202242
2022-03-08,889256.123356926,-0.012350741548906299,0.7446073152648466,0.03634576260198463,0.25726889157998056,-0.012350741548906299
2022-03-09,892948.012846642,0.004151660464005823,0.7446073152648466,0.03136641775584739,0.2530427651194614,0.004151660464005823
2022-03-10,887801.300009522,-0.00576373177729885,0.7446073152648466,0.0,0.25322674127848316,-0.00576373177729885
2022-03-11,889172.0121497716,0.0015439402265291261,0.7446073152648466,0.08877024576964421,0.25367976455429897,0.0015439402265291261
2022-03-14,878456.7761227764,-0.01205080218515723,0.7446073152648466,0.05751069357693678,0.2571826662948859,-0.01205080218515723
2022-03-15,873390.0546232369,-0.005767752765141649,0.7446073152648466,0.034245583441220695,0.255566260243689,-0.005767752765141649
2022-03-16,881899.8914497002,0.009743455150899699,0.7446073152648466,0.05882673108131567,0.25163109918353943,0.009743455150899699
2022-03-17,886955.146095196,0.005732231849111325,0.7446073152648466,0.03893027275221528,0.25264222780845264,0.005732231849111325
2022-03-18,888919.3121072316,0.0022145043305546756,0.7446073152648466,0.026432498774685065,0.2535337436851447,0.0022145043305546756
2022-03-21,892265.550353035,0.0037643891860904195,0.800077453485405,0.07102069922728838,0.19814773623032894,0.0037643891860904195
2022-03-22,889671.3747544325,-0.0029074030680396592,0.800077453485405,0.06216251962157951,0.19947619471781367,-0.0029074030680396592
2022-03-23,890750.2741505319,0.001212694289953053,0.800077453485405,0.0,0.19823026908854982,0.001212694289953053
2022-03-24,891553.6623215481,0.0009019230129144709,0.8668799507318109,0.0651102647588683,0.13231668898098198,0.0009019230129144709
2022-03-25,895582.818269201,0.00451925230968287,0.8668799507318109,0.030884639249227908,0.13184703744368256,0.00451925230968287
2022-03-28,893596.6351940116,-0.002217754778980514,0.8668799507318109,0.024641931659647093,0.13273849930629572,-0.002217754778980514
2022-03-29,900247.6554692988,0.007442978199938263,0.9354319169645324,0.0681703363797386,0.06376153851293857,0.007442978199938263
2022-03-30,901994.0002151984,0.0019398492573570565,0.9354319169645324,0.05522630426445288,0.06411293095792064,0.0019398492573570565
2022-03-31,903688.5953066009,0.0018787210236412138,0.9354319169645324,0.024692986518569104,0.06411977951222034,0.0018787210236412138
2022-04-01,894373.5619745713,-0.010307791179846872,0.9354319169645324,0.05599366961849023,0.06490632465869939,-0.010307791179846872
2022-04-04,897229.4657874755,0.0031931889920795114,0.9354319169645324,0.08048412191208232,0.06403035091391494,0.0031931889920795114
2022-04-05,898833.5068258294,0.001787771244166732,0.9354319169645324,0.05307496258626801,0.06412287353341642,0.001787771244166732
2022-04-06,880523.5587090157,-0.020370789448508692,0.9901395426769827,0.06894520529331,0.010022568429004173,-0.020370789448508692
2022-04-07,877660.3532606285,-0.003251707941335601,0.7939887666408222,0.1959886672849546,0.20576257209767146,-0.003251707941335601
2022-04-08,878047.9056475821,0.00044157444906084864,0.7939887666408222,0.020537216229098876,0.20505688604145125,0.00044157444906084864
2022-04-11,873404.8746956745,-0.005287901630473425,0.7939887666408222,0.023663861594221514,0.2062370864245684,-0.005287901630473425
2022-04-12,873310.4975553025,-0.00010805657617258504,0.8530527053713499,0.05928976652796933,0.14633851446427504,-0.00010805657617258504
2022-04-13,866464.4794219753,-0.0078391570380655,0.8530527053713499,0.030632298499448846,0.1474851535016458,-0.0078391570380655
2022-04-14,872503.9537216041,0.006970250302306368,0.8530527053713499,0.036525087990134125,0.1453147719500221,0.006970250302306368
2022-04-18,863552.3479403788,-0.010259673601526745,0.8530527053713499,0.021056760512570855,0.147848021342186,-0.010259673601526745
2022-04-19,859688.1965089944,-0.004474715911085877,0.8530527053713499,0.020171355381222777,0.1469890798049131,-0.004474715911085877
2022-04-20,869247.8820478941,0.011119945089067652,0.8530527053713499,0.0,0.14476749544204995,0.011119945089067652
2022-04-21,870573.2918102401,0.0015247776724212272,0.8530527053713499,0.04840703233058896,0.14610232340511448,0.0015247776724212272
2022-04-22,856663.6720661992,-0.01597754017369141,0.8530527053713499,0.018135314729515378,0.1487077768275307,-0.01597754017369141
2022-04-25,842606.5399037434,-0.01640916105214456,0.7762470603110024,0.0750451953021575,0.22651351239426926,-0.01640916105214456
2022-04-26,845495.9227931653,0.0034291009535149857,0.7024464274011238,0.07104003574964055,0.2952710221292941,0.0034291009535149857
2022-04-27,835703.4609578525,-0.011581914910911185,0.7024464274011238,0.016355174479583623,0.29977996934482165,-0.011581914910911185
2022-04-28,836335.0109050525,0.000755710580013794,0.7024464274011238,0.05933909689158476,0.2960650480523342,0.000755710580013794
2022-04-29,837655.1891513746,0.0015785280170125093,0.7024464274011238,0.01545000434503406,0.29584129685586774,0.0015785280170125093
2022-05-02,822414.2595425072,-0.01819475340958362,0.7024464274011238,0.015720357610556263,0.30179926999310436,-0.01819475340958362
2022-05-03,825389.522211287,0.003617717755082333,0.6472523053319902,0.05094835967166336,0.34998647397097576,0.003617717755082333
2022-05-04,824486.3736827763,-0.001094208860431248,0.6472523053319902,0.034340093163427926,0.35164625491881085,-0.001094208860431248
2022-05-05,829525.324252771,0.006111623831315595,0.6472523053319902,0.03698621240084757,0.3491263086266303,0.006111623831315595
2022-05-06,812437.7377731127,-0.020599234260931826,0.7059600709293107,0.05508645439694593,0.2989499874546487,-0.020599234260931826
2022-05-09,804926.8213720024,-0.009244913243072308,0.5999629621792331,0.10108706577305204,0.4023406275131741,-0.009244913243072308
2022-05-10,806780.0022810752,0.002302297376442378,0.5999629621792331,0.0,0.40005619562317757,0.002302297376442378
2022-05-11,799074.512644928,-0.009550917988002821,0.5999629621792331,0.014062212636804447,0.4025174325502914,-0.009550917988002821
2022-05-12,793389.9977716125,-0.007113873341423169,0.5999629621792331,0.0,0.40402765140154046,-0.007113873341423169
2022-05-13,795193.5109125609,0.002273173528799058,0.5999629621792331,0.06733974151021123,0.39773707956651255,0.002273173528799058
2022-05-16,796131.4901845239,0.0011795610239406817,0.5999629621792331,0.040614561450946704,0.3981875037291471,0.0011795610239406817
2022-05-17,799452.3161329054,0.004171202859482266,0.5999629621792331,0.015168302901447675,0.397016362917456,0.004171202859482266
2022-05-18,794898.0653541042,-0.005696713471081056,0.6622323725801809,0.05924870733275797,0.3385216299460793,-0.005696713471081056
2022-05-19,787213.4304861252,-0.00966744693806205,0.6622323725801809,0.03190537122581574,0.33989282480194666,-0.00966744693806205
2022-05-20,788442.5495939908,0.0015613543421211682,0.6622323725801809,0.026161149473900136,0.33608501969652044,0.0015613543421211682
2022-05-23,787791.0112571223,-0.0008263612069186583,0.6622323725801809,0.027020170403092333,0.3368877791282171,-0.0008263612069186583
2022-05-24,787044.5936182572,-0.0009474817917431759,0.6622323725801809,0.026962425641367194,0.3369286510557777,-0.0009474817917431759
2022-05-25,786999.3736904986,-5.74553565645782e-05,0.6622323725801809,0.016736271711196307,0.3366339222542263,-5.74553565645782e-05
2022-05-26,790659.286736088,0.004650465004091187,0.7327532552387427,0.06938714743910707,0.26508070482759716,0.004650465004091187
2022-05-27,799636.9488341998,0.011354653323775412,0.7327532552387427,0.039374677188748486,0.26333530126628935,0.011354653323775412
2022-05-31,801163.0156884895,0.0019084496489495688,0.7327532552387427,0.022265887119504668,0.26582490997822167,0.0019084496489495688
2022-06-01,801604.7534154077,0.0005513705928356865,0.7327532552387427,0.033470353719761814,0.26618098076963004,0.0005513705928356865
2022-06-02,796371.0543868276,-0.006529026937877815,0.7873973586790756,0.05357836382917154,0.21325752096144004,-0.006529026937877815
2022-06-03,796558.2596503289,0.00023507291289662232,0.7873973586790756,0.0,0.21248492065785704,0.00023507291289662232
2022-06-06,797483.0742997549,0.0011610131942288839,0.7873973586790756,0.013507520923326313,0.21163212994820374,0.0011610131942288839
2022-06-07,789842.1045697565,-0.009581356615885146,0.7873973586790756,0.0,0.2133536964020591,-0.009581356615885146
2022-06-08,795297.4732980384,0.006906910503654989,0.7873973586790756,0.024507517892931638,0.2108145534670794,0.006906910503654989
2022-06-09,790232.6126959119,-0.0063685108681696976,0.7873973586790756,0.012340475918145993,0.21363515224651267,-0.0063685108681696976
2022-06-10,777056.2433290818,-0.016674038954021853,0.7873973586790756,0.0,0.216926487777292,-0.016674038954021853
2022-06-13,761557.1718492649,-0.019945881154516502,0.6846227666875401,0.09845074293581868,0.321257675722784,-0.019945881154516502
2022-06-14,757774.1671604363,-0.004967459868630023,0.5728560922298455,0.1058863025408332,0.42855384491964965,-0.004967459868630023
2022-06-15,757804.6166024454,4.018273956631929e-05,0.5728560922298455,0.02826192587138167,0.42645750039099245,4.018273956631929e-05
2022-06-16,751677.3505246255,-0.008085548627680517,0.5728560922298455,0.023596311837356207,0.42995398847712774,-0.008085548627680517
2022-06-17,751391.3271163908,-0.00038051353820236085,0.5728560922298455,0.020937312772945027,0.4266416717499769,-0.00038051353820236085
2022-06-21,754172.6378843414,0.003701547605858619,0.5728560922298455,0.018151965014507304,0.4249082671146389,0.003701547605858619
2022-06-22,755194.3823216511,0.0013547885271679313,0.628802329373171,0.05371063175007129,0.37010044449027224,0.0013547885271679313
2022-06-23,760301.279815641,0.00676236160323394,0.628802329373171,0.023347713730184724,0.36812931175531194,0.00676236160323394
2022-06-24,762862.8524199722,0.0033691546658349988,0.628802329373171,0.01860639369500422,0.369376931657504,0.0033691546658349988
2022-06-27,768337.244630538,0.007176115855163029,0.6840256467964465,0.053402519663094436,0.3132197087340804,0.007176115855163029
2022-06-28,766689.1215576614,-0.002145051648080798,0.6840256467964465,0.029718225410935745,0.3161567286345341,-0.002145051648080798
2022-06-29,760292.8181813514,-0.008342760052881464,0.6840256467964465,0.021655461375439097,0.31813651065956966,-0.008342760052881464
2022-06-30,758408.731572066,-0.0024781065455704897,0.6840256467964465,0.013730399180299988,0.31626987969520565,-0.0024781065455704897
2022-07-01,757608.7724174128,-0.0010547863195020663,0.6840256467964465,0.02141590490608067,0.3158155576249692,-0.0010547863195020663
2022-07-05,757676.4704217766,8.935747159815651e-05,0.6840256467964465,0.0,0.3153058946884811,8.935747159815651e-05
2022-07-06,762489.5208868245,0.0063523821221062055,0.7553845731909996,0.07069047002336198,0.2426750244854796,0.0063523821221062055
2022-07-07,760887.8278954208,-0.002100609841222156,0.7553845731909996,0.04732831831206452,0.24504913593102143,-0.002100609841222156
2022-07-08,760626.4993887676,-0.00034345207936368127,0.7553845731909996,0.025885871867167537,0.24462619948817713,-0.00034345207936368127
2022-07-11,759705.6933026217,-0.0012105890169299578,0.8099691346029403,0.05459527555676877,0.19019613078900985,-0.0012105890169299578
2022-07-12,759168.3966942788,-0.0007072430983202839,0.8099691346029403,0.0,0.19028117846326112,-0.0007072430983202839
2022-07-13,747991.6609614833,-0.014722340631490336,0.8099691346029403,0.02735712234757587,0.19281219382602205,-0.014722340631490336
2022-07-14,747950.9031826735,-5.448961657856487e-05,0.7314373236104822,0.0757505362991262,0.26847691745603536,-5.448961657856487e-05
2022-07-15,756635.971106535,0.011611815544182029,0.7314373236104822,0.04080401394724492,0.26539459392998116,0.011611815544182029
2022-07-18,761836.08232895,0.006872672488475727,0.7314373236104822,0.029314584178424724,0.26664834350863803,0.006872672488475727
2022-07-19,758813.4072261043,-0.003967618721346697,0.7314373236104822,0.029836241521692924,0.26955019254162693,-0.003967618721346697
2022-07-20,765124.8006214278,0.008317451082467403,0.7314373236104822,0.0,0.2672571033577426,0.008317451082467403
2022-07-21,765661.3322386355,0.0007012341212465197,0.7314373236104822,0.02304705140719049,0.2682953325847856,0.0007012341212465197
2022-07-22,774481.7320238365,0.011519975495447737,0.7314373236104822,0.0,0.26517070799385667,0.011519975495447737
2022-07-25,769700.6454759159,-0.0061732722028535175,0.7314373236104822,0.016176697988276173,0.2701539472351328,-0.0061732722028535175
2022-07-26,769755.0526573079,7.068615793927767e-05,0.7314373236104822,0.015455469818377726,0.26846753491190045,7.068615793927767e-05
2022-07-27,768913.9149630968,-0.001092734229294583,0.7314373236104822,0.02710378918199452,0.26877558048025413,-0.001092734229294583
2022-07-28,777596.168915008,0.011291581258908301,0.7911030208309512,0.0598786454941396,0.2064921571071647,0.011291581258908301
2022-07-29,782256.083359062,0.005992717853222017,0.7911030208309512,0.0343549372838437,0.2075878762207933,0.005992717853222017
2022-08-01,785499.4988674785,0.004146232387850574,0.7911030208309512,0.0,0.20667688959312217,0.004146232387850574
2022-08-02,787798.3572847795,0.002926619839497733,0.7911030208309512,0.025201636814325606,0.20822529709588283,0.002926619839497733
2022-08-03,784691.0036222273,-0.003944351538459638,0.7911030208309512,0.011871014689396303,0.20966586838636195,-0.003944351538459638
2022-08-04,791866.2350076481,0.00914402147125308,0.7911030208309512,0.019758491921296584,0.206944109588344,0.00914402147125308
2022-08-05,785366.9874847919,-0.008207506818109821,0.7911030208309512,0.02033303759959637,0.2105644400628158,-0.008207506818109821
2022-08-08,791657.2504756991,0.008009329512375245,0.7911030208309512,0.02182805597145754,0.2073868544325326,0.008009329512375245
2022-08-09,789954.186847554,-0.0021512638545553315,0.7911030208309512,0.025543554327094903,0.2094974660612461,-0.0021512638545553315
2022-08-10,795884.2758751872,0.007506877140936763,0.7911030208309512,0.03405527642383396,0.20748652739589188,0.007506877140936763
2022-08-11,798764.9837527304,0.003619505956912426,0.7911030208309512,0.022087941760845137,0.2082939317663953,0.003619505956912426
2022-08-12,795129.7292965178,-0.004551093913923967,0.8548910783748439,0.0631850445047133,0.1458685960451681,-0.004551093913923967
2022-08-15,798360.5787558912,0.004063298528948038,0.8548910783748439,0.018749976230236554,0.14462669894678934,0.004063298528948038
2022-08-16,799697.4417737017,0.0016745103069765565,0.8548910783748439,0.0,0.14449398860378412,0.0016745103069765565
2022-08-17,797876.3605677942,-0.0022772127441953727,0.9127828590754106,0.05727678207900713,0.08747478734035645,-0.0022772127441953727
2022-08-18,797516.2647773145,-0.00045131778340120997,0.9127828590754106,0.012309081097785807,0.08732088939153462,-0.00045131778340120997
2022-08-19,792013.6848221909,-0.006899646061337757,0.9127828590754106,0.021192339945553945,0.08788664528262227,-0.006899646061337757
2022-08-22,781684.848207323,-0.013041235035208711,0.9127828590754106,0.016518187828728992,0.08843416249676343,-0.013041235035208711
2022-08-23,777166.3833088739,-0.0057804176565678074,0.8271059971382888,0.08445977632935153,0.17400845846007276,-0.0057804176565678074
2022-08-24,775790.8301651278,-0.0017699596550863792,0.8271059971382888,0.019108896561994798,0.17332648060493866,-0.0017699596550863792
2022-08-25,779655.8726186493,0.0049820677213970625,0.8271059971382888,0.04684468227442412,0.1721548066253715,0.0049820677213970625
2022-08-26,784169.8670156827,0.005789726667320812,0.8271059971382888,0.027639383593879574,0.17202146369099322,0.005789726667320812
2022-08-29,768051.9369032945,-0.02055413092284235,0.8271059971382888,0.024186345979104656,0.17664919030034676,-0.02055413092284235
2022-08-30,768808.462875123,0.0009849932478247867,0.6688553834010178,0.15449539087285208,0.33099189386336597,0.0009849932478247867
2022-08-31,765021.708305226,-0.004925485023585182,0.6688553834010178,0.021644204203539325,0.3330242738654627,-0.004925485023585182
2022-09-01,756176.5433717464,-0.011561979009817334,0.6688553834010178,0.011077253733612874,0.3352655941987265,-0.011561979009817334
2022-09-02,762600.7053288071,0.008495584812001345,0.6688553834010178,0.010675057389447462,0.32859778028058434,0.008495584812001345
2022-09-06,756046.2355832817,-0.008594890746526822,0.6688553834010178,0.02448878441017674,0.3342554830273116,-0.008594890746526822
2022-09-07,752886.125149084,-0.004179784628858991,0.6688553834010178,0.03243085053659424,0.33312859126963495,-0.004179784628858991
2022-09-08,758124.8993527024,0.006958255742302385,0.6688553834010178,0.010552167340316887,0.32945464084223114,0.006958255742302385
2022-09-09,763887.4378759785,0.00760104110575479,0.6688553834010178,0.02645555597080297,0.3292366130089024,0.00760104110575479
2022-09-12,769985.560462879,0.007983012004827011,0.6688553834010178,0.0,0.32722854021063685,0.007983012004827011
2022-09-13,761391.2362621923,-0.011161669311720942,0.6688553834010178,0.035910079397286715,0.33547895934628574,-0.011161669311720942
2022-09-14,756460.5378612566,-0.00647590642774051,0.6688553834010178,0.018150596048840784,0.33390568355389877,-0.00647590642774051
2022-09-15,755331.9313537341,-0.0014919568847747598,0.6688553834010178,0.035563315340877366,0.3322303098853213,-0.0014919568847747598
2022-09-16,747328.9598512291,-0.010595304091224882,0.6688553834010178,0.011384996678319603,0.3352992610971027,-0.010595304091224882
2022-09-19,746591.1207864224,-0.0009873015826304676,0.6688553834010178,0.0,0.33624656025649646,-0.0009873015826304676
2022-09-20,748343.3129044505,0.002346923328236732,0.6688553834010178,0.014670561517551639,0.330968266384864,0.002346923328236732
2022-09-21,751246.0733039527,0.0038789153981160316,0.6688553834010178,0.0,0.3302944565312243,0.0038789153981160316
2022-09-22,743459.0634027392,-0.010365458373667733,0.6688553834010178,0.011565451877127014,0.33522124071154835,-0.010365458373667733
2022-09-23,737571.3358646731,-0.007919370181753585,0.6688553834010178,0.01560057085389549,0.3343926953893792,-0.007919370181753585
2022-09-26,734411.4731762656,-0.004284145186720345,0.6688553834010178,0.019865974190754504,0.3331698384015796,-0.004284145186720345
2022-09-27,733375.4877623518,-0.0014106334823900575,0.6688553834010178,0.016277858175969356,0.33221285674423684,-0.0014106334823900575
2022-09-28,731705.651811429,-0.002276918139189169,0.6688553834010178,0.010225418262007763,0.33250433306592186,-0.002276918139189169
2022-09-29,734574.4951803072,0.0039207615272289584,0.6688553834010178,0.035881026378498576,0.3304389014101123,0.0039207615272289584
2022-09-30,732225.8383050229,-0.003197302507362137,0.6688553834010178,0.015971366079020943,0.3328084605948993,-0.003197302507362137
2022-10-03,731143.0767422777,-0.0014787262427827053,0.7269991046197287,0.06549012700264165,0.2738800696035424,-0.0014787262427827053
2022-10-04,744629.0142731656,0.018445004760185377,0.7269991046197287,0.0,0.2694133484517323,0.018445004760185377
2022-10-05,744335.6276023535,-0.0003940038128900001,0.6456105333183709,0.08497623833134374,0.35513461212945857,-0.0003940038128900001
2022-10-06,746786.6948158472,0.0032929596845835555,0.6456105333183709,0.024555380611922736,0.35386150758869345,0.0032929596845835555
2022-10-07,739795.49356061,-0.009361711053195991,0.6456105333183709,0.032844393235558794,0.35849231835417017,-0.009361711053195991
2022-10-10,734649.6541858574,-0.006955759286915703,0.6456105333183709,0.0,0.36178190619130074,-0.006955759286915703
2022-10-11,730066.3257649308,-0.006238794770829713,0.6456105333183709,0.026784499854103402,0.3573690331173096,-0.006238794770829713
2022-10-12,730168.3803347211,0.00013978807977936525,0.6456105333183709,0.0327197708344175,0.3550866822761515,0.00013978807977936525
2022-10-13,721660.4839823248,-0.011651964918689127,0.6456105333183709,0.02210475948632877,0.3593288640676543,-0.011651964918689127
2022-10-14,740483.489118086,0.026082909558648143,0.6456105333183709,0.011822223428521794,0.34611965743406287,0.026082909558648143
2022-10-17,738340.6381782887,-0.002893853774308302,0.5097345916011791,0.1441457788913894,0.4926421377040917,-0.002893853774308302
2022-10-18,744272.4867921533,0.008034026988545969,0.5097345916011791,0.025534998819208107,0.48738826857882445,0.008034026988545969
2022-10-19,739606.5003128346,-0.006269191139161015,0.5097345916011791,0.02347739715372818,0.494404885750608,-0.006269191139161015
2022-10-20,738919.4802243172,-0.0009288994732021209,0.5097345916011791,0.025475285454873597,0.4917607506431009,-0.0009288994732021209
2022-10-21,735629.6673632478,-0.00445219397933674,0.5097345916011791,0.01773771530500888,0.4935068560418701,-0.00445219397933674
2022-10-24,743792.2296575366,0.011096021077488933,0.5599168567452402,0.053423716504343965,0.4361572646779517,0.011096021077488933
2022-10-25,748667.5242786233,0.006554645809262361,0.5599168567452402,0.024690674526697196,0.4381439978845001,0.006554645809262361
2022-10-26,752468.5201005737,0.005077014427215626,0.5599168567452402,0.011532487504815697,0.43879681348553845,0.005077014427215626
2022-10-27,755321.3180805141,0.0037912522633626287,0.5599168567452402,0.011431379075666909,0.4393589905194801,0.0037912522633626287
2022-10-28,752837.807568517,-0.0032880185591853076,0.6124795783800984,0.051838515766121515,0.3896070339354345,-0.0032880185591853076
2022-10-31,757087.5733063846,0.005644995104049403,0.6124795783800984,0.022007461771099454,0.3861634375172379,0.005644995104049403
2022-11-01,762165.8199534138,0.00670760797836273,0.6124795783800984,0.03510030804808739,0.38574826176210364,0.00670760797836273
2022-11-02,758347.1943490141,-0.005010229407339626,0.6124795783800984,0.0,0.38852676981465506,-0.005010229407339626
2022-11-03,746913.4646134118,-0.015077170220715724,0.6124795783800984,0.033341328547285706,0.3942813849958944,-0.015077170220715724
2022-11-04,753145.3557252736,0.008343524929072347,0.6124795783800984,0.014914027697722182,0.3851340874333665,0.008343524929072347
2022-11-07,754709.903666735,0.002077351907660361,0.6124795783800984,0.02749083188985471,0.3875350507198884,0.002077351907660361
2022-11-08,757330.1685167443,0.0034718834843411434,0.6124795783800984,0.04593125565608856,0.3872343198572731,0.0034718834843411434
2022-11-09,759347.8597094682,0.0026642160534495023,0.6124795783800984,0.051620388791041555,0.3875429350500201,0.0026642160534495023
2022-11-10,771666.0028461771,0.016222002839939378,0.6664324159704537,0.05397537781620641,0.3291352622282129,0.016222002839939378
2022-11-11,779816.7230894517,0.010562497522518609,0.6664324159704537,0.0,0.3266070852841352,0.010562497522518609
2022-11-14,782141.4690569774,0.0029811440287092787,0.6664324159704537,0.03250097937230084,0.3334910802901876,0.0029811440287092787
2022-11-15,787739.7446364288,0.007157625315789933,0.6664324159704537,0.017096621886721286,0.3321158930516565,0.007157625315789933
2022-11-16,787468.3140797046,-0.00034456882310727197,0.6664324159704537,0.0299753526478376,0.33460184078719263,-0.00034456882310727197
2022-11-17,782652.3748648913,-0.006115724440851393,0.6664324159704537,0.03872861733993649,0.3365403359348487,-0.006115724440851393
2022-11-18,789085.3529679914,0.008219457718007448,0.6664324159704537,0.015728067376432786,0.3317667482898632,0.008219457718007448
2022-11-21,787142.5654759828,-0.0024620752174667956,0.6664324159704537,0.024838706137452135,0.3353146847561605,-0.0024620752174667956
2022-11-22,788270.7034743865,0.0014332066996293744,0.6664324159704537,0.027572574617544268,0.33400909625823816,0.0014332066996293744
2022-11-23,792859.0212515064,0.005820738683927273,0.7325196884830294,0.0665288341134264,0.2666503624039006,0.005820738683927273
2022-11-25,796472.8198205669,0.004557933342747655,0.7325196884830294,0.02998089537223933,0.26700030726618995,0.004557933342747655
2022-11-28,796725.0301024788,0.000316658994049172,0.7325196884830294,0.024446972319010357,0.2681345404235807,0.000316658994049172
2022-11-29,791932.7849649341,-0.006014929814528728,0.7946130045209513,0.06274755027536398,0.20718893444603406,-0.006014929814528728
2022-11-30,791624.2809151988,-0.00038955837615552234,0.7946130045209513,0.0221586483865564,0.20603551313867186,-0.00038955837615552234
2022-12-01,809625.4456387463,0.022739530807135193,0.7946130045209513,0.014231775741536085,0.20137845381529246,0.022739530807135193
2022-12-02,806447.204754733,-0.0039255694113045055,0.6703536990883046,0.12826783798936617,0.3318082665818139,-0.0039255694113045055
2022-12-05,809572.8842203385,0.003875863723225564,0.6703536990883046,0.03065885995516557,0.3292778937588682,0.003875863723225564
2022-12-06,807034.131263999,-0.0031359164885870166,0.6703536990883046,0.020657319432688198,0.33159894358651293,-0.0031359164885870166
2022-12-07,804848.7982291381,-0.002707857016453781,0.6703536990883046,0.034109786862188185,0.3316909800786144,-0.002707857016453781
2022-12-08,808494.8318736664,0.004530085219174583,0.7348132953919941,0.06650425303164778,0.26489612446928834,0.004530085219174583
2022-12-09,809200.420090387,0.0008727182771044209,0.7348132953919941,0.014426244316281367,0.2658848168082599,0.0008727182771044209
2022-12-12,808236.0016371798,-0.0011918165503417742,0.7348132953919941,0.0,0.26714161130644876,-0.0011918165503417742
2022-12-13,828596.9414151391,0.025191824834226422,0.8026782359435984,0.06981984167139377,0.1931321061512725,0.025191824834226422
2022-12-14,820424.5790581617,-0.009862892256179532,0.6475553440900323,0.15931254521732055,0.3571263434306855,-0.009862892256179532
2022-12-15,814777.3705768274,-0.006883275593494772,0.6475553440900323,0.023976022580467396,0.35612710380824936,-0.006883275593494772
2022-12-16,807579.9240641077,-0.00883363575454268,0.6475553440900323,0.0,0.3605691511105764,-0.00883363575454268
2022-12-19,806722.0130645977,-0.0010623233366086854,0.6475553440900323,0.04514687023162932,0.3540407006776704,-0.0010623233366086854
2022-12-20,802553.8928673372,-0.0051667366574348825,0.6475553440900323,0.011200271079956595,0.35551949883728007,-0.0051667366574348825
2022-12-21,808110.7326175547,0.006923945917655721,0.6475553440900323,0.028478332813231658,0.35124142807165604,0.006923945917655721
2022-12-22,807484.2159753278,-0.0007752856346773189,0.6475553440900323,0.023343215744840384,0.353950596427077,-0.0007752856346773189
2022-12-23,803426.8537108403,-0.005024695448178763,0.6475553440900323,0.014257129173975716,0.35546716496557085,-0.005024695448178763
2022-12-27,805260.6274594225,0.0022824401998916785,0.6475553440900323,0.03693058566332065,0.35286356663333357,0.0022824401998916785
2022-12-28,804318.889275691,-0.0011694824652021135,0.7182560283880227,0.07111967624925787,0.28303912082095967,-0.0011694824652021135
2022-12-29,803257.5931193449,-0.00131949674500598,0.7182560283880227,0.02397492435436588,0.28310170703220844,-0.00131949674500598
2022-12-30,805175.9065634079,0.0023881672087448735,0.7182560283880227,0.021505538695721665,0.28205560658552425,0.0023881672087448735
2023-01-03,814551.209037509,0.011643794104714536,0.7841768868215268,0.06623254262382183,0.2140706750068443,0.011643794104714536
2023-01-04,816164.3779012421,0.0019804388549606606,0.7841768868215268,0.022810535062808335,0.21614935623752496,0.0019804388549606606
2023-01-05,811201.0488059006,-0.006081286110654137,0.7841768868215268,0.02400459271154476,0.2179021138663444,-0.006081286110654137
2023-01-06,814040.567187639,0.0035003879567440744,0.7841768868215268,0.010204883241838242,0.21588921048336232,0.0035003879567440744
2023-01-09,827192.4919735321,0.01615635057516933,0.7841768868215268,0.02007582897196078,0.21319720982782853,0.01615635057516933
2023-01-10,825405.6161089527,-0.0021601693462138362,0.7841768868215268,0.02436395335097591,0.21710924776571192,-0.0021601693462138362
2023-01-11,831781.8146439004,0.0077249274908084125,0.7841768868215268,0.0,0.2162686142557872,0.0077249274908084125
2023-01-12,838852.6157927059,0.008500788336942258,0.7841768868215268,0.015754509621825258,0.21481693631921267,0.008500788336942258
2023-01-13,839458.6765425033,0.0007224877629125147,0.7841768868215268,0.016464262150150955,0.21648646353001835,0.0007224877629125147
2023-01-17,844141.0594398917,0.005577859909285655,0.7841768868215268,0.025305122885033532,0.21543831939321997,0.005577859909285655
2023-01-18,849090.1133238275,0.005862828052955521,0.7841768868215268,0.01579681953397119,0.21538034165731587,0.005862828052955521
2023-01-19,838342.5330452662,-0.01265776165557872,0.8503915874660382,0.065771963556671,0.15209065354070384,-0.01265776165557872
2023-01-20,838401.32944791,7.01341042905302e-05,0.7877095377411358,0.06019980596430405,0.2130678763705741,7.01341042905302e-05
2023-01-23,843561.3145150158,0.0061545525822385315,0.7877095377411358,0.025853319865980176,0.21179027081812574,0.0061545525822385315
2023-01-24,848511.3701741823,0.0058680448877773,0.7877095377411358,0.028558703428488666,0.21184978979557692,0.0058680448877773
2023-01-25,847241.7302210254,-0.0014963146020026833,0.8478571462424647,0.05970684557671846,0.15293976669755288,-0.0014963146020026833
2023-01-26,856227.6111955674,0.010606041527484483,0.8478571462424647,0.023065456490988956,0.15111650472286287,0.010606041527484483
2023-01-27,855713.3593428255,-0.0006006018096331543,0.8478571462424647,0.01766538300493123,0.152812213745624,-0.0006006018096331543
2023-01-30,856316.2966128762,0.0007046019130913164,0.8478571462424647,0.02352433212957014,0.1526116125395475,0.0007046019130913164
2023-01-31,854463.7874679149,-0.0021633468290734297,0.9002097495836158,0.052821394073318706,0.10038094636369158,-0.0021633468290734297
2023-02-01,860660.4024309098,0.007252050998390168,0.9002097495836158,0.03242343948357895,0.0994457253741253,0.007252050998390168
2023-02-02,875220.9108267785,0.016917832346815282,0.9002097495836158,0.03850835329873392,0.0984995954071958,0.016917832346815282
2023-02-03,864169.4642997223,-0.012627036660511688,0.8061660284468714,0.09533434888615508,0.1970351321353964,-0.012627036660511688
2023-02-06,861147.8767700045,-0.0034965219838754245,0.8061660284468714,0.032712991830678106,0.1952481284966986,-0.0034965219838754245
2023-02-07,860283.747247175,-0.0010034624088846719,0.8061660284468714,0.02301990929057729,0.194802285519944,-0.0010034624088846719
2023-02-08,866577.9836429408,0.007316465545125947,0.8061660284468714,0.03104709370271172,0.19319093369945897,0.007316465545125947
2023-02-09,870606.6540769092,0.004648941595576434,0.8061660284468714,0.027116221948182778,0.19370502974051884,0.004648941595576434
2023-02-10,858222.3197056282,-0.0142249479868861,0.8061660284468714,0.02575720058573122,0.19741416476151574,-0.0142249479868861
2023-02-13,859654.7817048265,0.0016691036416876719,0.8061660284468714,0.028345393877380776,0.19428093377557504,0.0016691036416876719
2023-02-14,862921.8830389337,0.0038004806157514353,0.8061660284468714,0.019260315277942086,0.19387104615543813,0.0038004806157514353
2023-02-15,861121.6802304154,-0.002086171232763939,0.8061660284468714,0.017195456168192014,0.1950153444268133,-0.002086171232763939
2023-02-16,858490.8190255561,-0.00305515615883156,0.8061660284468714,0.0,0.19639964882706928,-0.00305515615883156
2023-02-17,853400.5666316557,-0.005929303239000494,0.8635663605121474,0.05996598784302992,0.1377870014533228,-0.005929303239000494
2023-02-21,851932.8360373633,-0.0017198612839987727,0.8635663605121474,0.020371497491579266,0.13721408959840217,-0.0017198612839987727
2023-02-22,848294.5117558751,-0.00427067032468347,0.8635663605121474,0.021863070695799125,0.13756540191936145,-0.00427067032468347
2023-02-23,850962.1264076626,0.003144679842695075,0.8635663605121474,0.01647098713137715,0.13654949739732694,0.003144679842695075
2023-02-24,842225.8823862228,-0.010266313564764474,0.9382692012504421,0.07481875310307862,0.06261486845492713,-0.010266313564764474
2023-02-27,847455.7590333514,0.006209589085900737,0.9382692012504421,0.04892697166341009,0.061592104182701404,0.006209589085900737
2023-02-28,843535.9632507472,-0.00462536921936239,0.9382692012504421,0.030217589181768117,0.06226424234245023,-0.00462536921936239
2023-03-01,844202.3623711304,0.0007900067684311706,0.9382692012504421,0.020885073826462097,0.0619282509682495,0.0007900067684311706
2023-03-02,838408.8302308642,-0.0068627291257438855,0.9382692012504421,0.025530485080696275,0.06240495312231984,-0.0068627291257438855
2023-03-03,850699.5172246668,0.014659539058549975,0.9382692012504421,0.017765427678227586,0.06108202941551064,0.014659539058549975
2023-03-06,859694.8143025651,0.01057400044994108,0.8557086684958396,0.08320925873494686,0.14333783303003847,0.01057400044994108
2023-03-07,856762.110626336,-0.003411331122903529,0.8557086684958396,0.02990313647669962,0.14536094113861603,-0.003411331122903529
2023-03-08,850976.8575980572,-0.006752461338479821,0.8557086684958396,0.021173744813804907,0.14585187849274694,-0.006752461338479821
2023-03-09,852514.5041824355,0.0018069193899330272,0.8557086684958396,0.052920835691573465,0.1446272378810541,0.0018069193899330272
2023-03-10,849991.7398663751,-0.0029592039826697,0.8557086684958396,0.03237598504805553,0.14532301365452333,-0.0029592039826697
2023-03-13,851760.6515209705,0.0020810927584702034,0.8557086684958396,0.03237848454203679,0.14459206748405215,0.0020810927584702034
2023-03-14,858909.2051051247,0.008392678825194863,0.9282504577949573,0.10245620252079149,0.0714416598375291,0.008392678825194863
2023-03-15,858629.8204471426,-0.00032527845355663634,0.9282504577949573,0.0,0.07176639819988337,-0.00032527845355663634
2023-03-16,862795.265261412,0.004851269679988777,0.9282504577949573,0.06248168289160558,0.07169756870375352,0.004851269679988777
2023-03-17,872381.8596155194,0.011111088273302962,0.9282504577949573,0.011109783622458985,0.07125929331922222,0.011111088273302962
2023-03-20,872690.09616239,0.00035332755200389134,0.9282504577949573,0.03341075362471094,0.07202320143590561,0.00035332755200389134
2023-03-21,876832.5110472419,0.004746719257005383,0.9282504577949573,0.03946824259432383,0.07170756330392625,0.004746719257005383
2023-03-22,876420.3309287014,-0.0004700785079788299,0.9282504577949573,0.03564900530514287,0.07208235045376497,-0.0004700785079788299
2023-03-23,876582.2755697982,0.00018477964896723145,0.9798561947985638,0.06970874980435918,0.020222877655373797,0.00018477964896723145
2023-03-24,877964.8706654409,0.0015772565042385873,0.9798561947985638,0.03634347043631475,0.020195949791444,0.0015772565042385873
2023-03-27,877777.5964174594,-0.00021330494446725374,0.9798561947985638,0.03747500205771162,0.02023196703035639,-0.00021330494446725374
2023-03-28,874510.273523485,-0.0037222673571409718,0.9798561947985638,0.030284756228379173,0.020303503947218075,-0.0037222673571409718
2023-03-29,878795.3322426255,0.004899952406362899,0.9798561947985638,0.026894452470402896,0.020129279831050343,0.004899952406362899
2023-03-30,885646.9707643045,0.007796625983656588,0.9798561947985638,0.03240465799018405,0.020071375843474272,0.007796625983656588
2023-03-31,889344.5786328509,0.004175035867119139,0.9798561947985638,0.03230023803175586,0.020143708068299446,0.004175035867119139
2023-04-03,895338.9224517883,0.006740181435807773,0.9798561947985638,0.023347172799553922,0.020092652613759275,0.006740181435807773
2023-04-04,899610.4995945448,0.004770905224425162,0.9798561947985638,0.02145894749462307,0.020132148710537583,0.004770905224425162
2023-04-05,903012.7369662148,0.0037819004704852527,0.9798561947985638,0.05266309668853181,0.020150980689045608,0.0037819004704852527
2023-04-06,900021.2612700181,-0.003312772426939424,0.9798561947985638,0.04643887870281427,0.020295836768728173,-0.003312772426939424
2023-04-10,897241.9377261549,-0.003088064319659783,0.9798561947985638,0.0214446893020403,0.020292081937214223,-0.003088064319659783
2023-04-11,901455.1012765584,0.004695682817814658,0.9798561947985638,0.016321972087833925,0.02013508661346979,0.004695682817814658
2023-04-12,905183.2169552415,0.004135664298092871,0.9798561947985638,0.023106440364060427,0.02014593263135192,0.004135664298092871
2023-04-13,904215.3557375501,-0.0010692434410649312,0.9798561947985638,0.034199870266916815,0.02025062642699237,-0.0010692434410649312
2023-04-14,904314.0290216168,0.00010912586635540911,0.9798561947985638,0.027200341976779396,0.020227095982328785,0.00010912586635540911
2023-04-17,900155.526251481,-0.004598516263907652,0.9798561947985638,0.023304292656911946,0.02032281645225702,-0.004598516263907652
2023-04-18,901772.7288952684,0.0017965813646913787,0.9798561947985638,0.048236913497252426,0.020192328809959064,0.0017965813646913787
2023-04-19,896889.6823043826,-0.005414941519542183,0.9798561947985638,0.04184905814563841,0.02033899352552257,-0.005414941519542183
2023-04-20,898872.5256898259,0.002210799638533912,0.9798561947985638,0.0,0.02038103409543038,0.002210799638533912
2023-04-21,899425.2906149531,0.0006149536328335945,0.9798561947985638,0.023581840776625312,0.020216922566714618,0.0006149536328335945
2023-04-24,897885.311152155,-0.0017121816329460685,0.9798561947985638,0.0359270299834607,0.020263675513647782,-0.0017121816329460685
2023-04-25,899641.5917852556,0.001956018893823872,0.9798561947985638,0.017506679884731202,0.020189987231834995,0.001956018893823872
2023-04-26,899120.0083311171,-0.000579768053079281,0.9798561947985638,0.030530536422549687,0.02024087828807066,-0.000579768053079281
2023-04-27,894264.0856488529,-0.005400750330623225,0.9798561947985638,0.029463988440533107,0.020339021615698574,-0.005400750330623225
2023-04-28,902690.3895097487,0.0094226123984191,0.9798561947985638,0.02412820342406724,0.02004050395335658,0.0094226123984191
2023-05-01,907129.2526775787,0.004917370583994798,0.9798561947985638,0.023866366697639474,0.020130357972582853,0.004917370583994798
2023-05-02,902659.9542143245,-0.00492685959587587,0.9798561947985638,0.01524660589561913,0.020329769286278016,-0.00492685959587587
2023-05-03,905540.1092859586,0.0031907420487496743,0.9798561947985638,0.0253257826075306,0.020165019994122305,0.0031907420487496743
2023-05-04,900268.5330192508,-0.0058214718626483685,0.9798561947985638,0.038016277055083314,0.020347368353105792,-0.0058214718626483685
2023-05-05,898616.6647211254,-0.001834861752399082,0.9798561947985638,0.020761285752958908,0.02026674581375855,-0.001834861752399082
2023-05-08,903900.5979314644,0.005880074805844883,0.9798561947985638,0.032555939991154886,0.02011088784299282,0.005880074805844883
2023-05-09,902303.5659197387,-0.0017668226079067127,0.9798561947985638,0.0373807485843371,0.020267556232322594,-0.0017668226079067127
2023-05-10,906784.3626763315,0.004965952619311033,0.9798561947985638,0.04050751531883706,0.020131736664336475,0.004965952619311033
2023-05-11,907462.5802920691,0.0007479370439691441,0.9798561947985638,0.0,0.02020564473935987,0.0007479370439691441
2023-05-12,907548.7996031991,9.501142306303183e-05,0.9798561947985638,0.026552148661213748,0.020230211652169962,9.501142306303183e-05
2023-05-15,903036.8312763767,-0.004971598583784281,0.9798561947985638,0.031947993708472316,0.0203329389800085,-0.004971598583784281
2023-05-16,900375.4803078321,-0.0029471123174267195,0.9798561947985638,0.01983223006859114,0.020292081781118704,-0.0029471123174267195
2023-05-17,900145.2064366332,-0.0002557531565832397,0.9798561947985638,0.03274036451083806,0.020237122557084247,-0.0002557531565832397
2023-05-18,899837.2713387497,-0.0003420949149999715,0.9798561947985638,0.03975345088309701,0.02023865724632525,-0.0003420949149999715
2023-05-19,904644.1936537124,0.0053419906777268,0.9798561947985638,0.041729038710916766,0.020124170314974297,0.0053419906777268
2023-05-22,903663.3833771036,-0.0010841945192257994,0.9798561947985638,0.042615351946404145,0.020253487044362774,-0.0010841945192257994
2023-05-23,899819.5444536444,-0.004253618099578479,0.9798561947985638,0.027856187661237958,0.0203184026779279,-0.004253618099578479
2023-05-24,897101.279393332,-0.0030209002205691692,0.9798561947985638,0.03137733509006971,0.02029329192482153,-0.0030209002205691692
2023-05-25,897283.972133952,0.00020364784313265513,0.9798561947985638,0.012570501759698982,0.020228320407549814,0.00020364784313265513
2023-05-26,897227.5529907742,-6.28776897057726e-05,0.9798561947985638,0.014241580903411988,0.020233661692789937,-6.28776897057726e-05
2023-05-30,909649.2497286808,0.01384453330317464,0.9798561947985638,0.0634480144457708,0.0199546919319748,0.01384453330317464
2023-05-31,907295.8767935387,-0.002587121284213746,0.9798561947985638,0.039281047791402596,0.02028416698310574,-0.002587121284213746
2023-06-01,909303.6886145207,0.0022129625763073046,0.9798561947985638,0.02686082550094457,0.020187392384440585,0.0022129625763073046
2023-06-02,917434.6050371514,0.008941915142805039,0.9798561947985638,0.025928140006584083,0.02005278374111974,0.008941915142805039
2023-06-05,915878.9324457672,-0.001695676817554919,0.9798561947985638,0.034395673335019944,0.020266262245488366,-0.001695676817554919
2023-06-06,916798.8891694857,0.001004452325660316,0.9798561947985638,0.021900820729436332,0.020215483915385534,0.001004452325660316
2023-06-07,918289.5435367117,0.0016259338714692609,0.9798561947985638,0.020035425552554775,0.020202819759068662,0.0016259338714692609
2023-06-08,912865.4472508666,-0.00590673859244299,0.9798561947985638,0.010681126791589612,0.02035618994037498,-0.00590673859244299
2023-06-09,919354.0799117686,0.007107983635970432,0.9798561947985638,0.03176955432021866,0.02009255345523031,0.007107983635970432
2023-06-12,921624.2789951529,0.002469341391950132,0.9798561947985638,0.02607684014021333,0.0201857584446735,0.002469341391950132
2023-06-13,928202.7584605594,0.007137919014654238,0.9798561947985638,0.021168858922199968,0.02009233519036227,0.007137919014654238
2023-06-14,927507.3400783429,-0.0007492095621110213,0.9798561947985638,0.02383341138307246,0.020250842689204948,-0.0007492095621110213
2023-06-15,927986.8091865294,0.0005169437345325272,0.9798561947985638,0.02805409941959,0.020224969634529678,0.0005169437345325272
2023-06-16,938210.0886521598,0.011016621534299734,0.9798561947985638,0.02678531819877364,0.020015024342227225,0.011016621534299734
2023-06-20,929486.8653693711,-0.009297729142222827,0.9798561947985638,0.02939158244364118,0.02042535287878229,-0.009297729142222827
2023-06-21,926491.7079695333,-0.0032223773260610907,0.9798561947985638,0.022524237425943616,0.020301009268949708,-0.0032223773260610907
2023-06-22,921841.3504400892,-0.005019319103929811,0.9798561947985638,0.04050767818663392,0.02033718518013564,-0.005019319103929811
2023-06-23,924556.1376787199,0.002944961448447342,0.9798561947985638,0.0382175628088455,0.020175758740146522,0.002944961448447342
2023-06-26,923197.9461743452,-0.0014690200508372974,0.9798561947985638,0.05874183154195908,0.020264261602813187,-0.0014690200508372974
2023-06-27,921924.7827360028,-0.0013790795826813499,0.9798561947985638,0.02807624717828494,0.020263487641355323,-0.0013790795826813499
2023-06-28,922920.7041867981,0.001080263237787852,0.9798561947985638,0.0,0.020334599376059668,0.001080263237787852
2023-06-29,920476.1120489585,-0.0026487564172628488,0.9798561947985638,0.013054747587632698,0.020289741233067968,-0.0026487564172628488
2023-06-30,928648.1597652645,0.008878066045750118,0.9798561947985638,0.02000246279405643,0.020057714344568055,0.008878066045750118
2023-07-03,932867.6036530643,0.004543641037167851,0.9798561947985638,0.016561819435658237,0.020144363738822803,0.004543641037167851
2023-07-05,930758.7910589741,-0.002260570080719098,0.9798561947985638,0.011103006491706369,0.02028184776203559,-0.002260570080719098
2023-07-06,922575.6757148703,-0.008791875427567444,0.9798561947985638,0.035724921048870845,0.02041485524631773,-0.008791875427567444
2023-07-07,920770.2676617315,-0.001956921367713202,0.9798561947985638,0.011804569878015175,0.020276008981028753,-0.001956921367713202
2023-07-10,919145.5614410022,-0.0017645076929505656,0.9798561947985638,0.04584819083358063,0.020271006104649596,-0.0017645076929505656
2023-07-11,924608.1357167872,0.0059431003150589,0.9798561947985638,0.01686150563022837,0.020116503072569094,0.0059431003150589
2023-07-12,934785.5213036994,0.011007242088587412,0.9798561947985638,0.027133750261119305,0.02001554821863155,0.011007242088587412
2023-07-13,939931.4321677955,0.005504910748852193,0.9798561947985638,0.04149891303686437,0.020124525884556696,0.005504910748852193
2023-07-14,943810.5398942416,0.004127011390075128,0.9798561947985638,0.032567616767566254,0.02015252893867983,0.004127011390075128
2023-07-17,941334.0133112227,-0.002623965804934168,0.9798561947985638,0.037632277982912465,0.020288784103644555,-0.002623965804934168
2023-07-18,946565.6133339626,0.005557644734770992,0.9798561947985638,0.01957430640178781,0.02012419069059523,0.005557644734770992
2023-07-19,954447.9772030365,0.008327329619878025,0.9798561947985638,0.01404643881346182,0.02006908064604925,0.008327329619878025
2023-07-20,953305.7438507497,-0.0011967476274968038,0.9798561947985638,0.04839450243332316,0.020259524245128096,-0.0011967476274968038
2023-07-21,950226.4127219426,-0.0032301610985458855,0.9798561947985638,0.011900743296603095,0.02030172722899773,-0.0032301610985458855
2023-07-24,948597.0065585523,-0.001714755706193127,0.9798561947985638,0.02052653216550257,0.02027070522288278,-0.001714755706193127
2023-07-25,947158.4571992741,-0.0015165021071457247,0.9798561947985638,0.0,0.020395041332506386,-0.0015165021071457247
2023-07-26,950010.5931813634,0.003011255361138861,0.9798561947985638,0.01290416191860902,0.020175601830433935,0.003011255361138861
2023-07-27,953203.7433093728,0.0033611731815708142,0.9798561947985638,0.012845316020407588,0.02016850928294844,0.0033611731815708142
2023-07-28,947811.1739019454,-0.005657310354977522,0.9798561947985638,0.017902783601773192,0.020351277904924633,-0.005657310354977522
2023-07-31,951486.0849142165,0.0038772606964975176,0.9798561947985638,0.035320192718481774,0.020157401833357607,0.0038772606964975176
2023-08-01,947568.4468693738,-0.004117388690130929,0.9798561947985638,0.016109001957621466,0.020319745505410276,-0.004117388690130929
2023-08-02,941145.1425423996,-0.006778723318822882,0.9798561947985638,0.012117604640841634,0.020374313605021503,-0.006778723318822882
2023-08-03,929663.0899602589,-0.012200086961213195,0.9798561947985638,0.016972349104401596,0.020486045823537545,-0.012200086961213195
2023-08-04,934212.883175158,0.004894023721102573,0.9798561947985638,0.02122627535033833,0.020137372799287383,0.004894023721102573
2023-08-07,933485.5351360675,-0.0007785677677857801,0.9798561947985638,0.03287023301300285,0.02025139728112353,-0.0007785677677857801
2023-08-08,932498.1325677739,-0.001057758830885036,0.9798561947985638,0.015703669959199945,0.020258224847533528,-0.001057758830885036
2023-08-09,933116.62002916,0.0006632586594924687,0.9798561947985638,0.0,0.02033867171272333,0.0006632586594924687
2023-08-10,932146.435526801,-0.0010397248120269206,0.9798561947985638,0.0,0.02045424819665223,-0.0010397248120269206
2023-08-11,923506.4916968911,-0.009268869676068705,0.9798561947985638,0.016677212824182497,0.020426094084131822,-0.009268869676068705
2023-08-14,923250.9783426792,-0.0002766773774837661,0.9798561947985638,0.044409373175210626,0.020241406331775874,-0.0002766773774837661
2023-08-15,924470.5229340747,0.0013209242340416782,0.9798561947985638,0.015154204435843532,0.020210116876122383,0.0013209242340416782
2023-08-16,919004.471848318,-0.005912628850954217,0.9798561947985638,0.02536218156597042,0.020356866234556275,-0.005912628850954217
2023-08-17,915858.389566484,-0.0034233590566828515,0.9798561947985638,0.018599959976672353,0.020306223502818833,-0.0034233590566828515
2023-08-18,904586.3774618364,-0.012307592781874413,0.9798561947985638,0.01088740635849042,0.02048905378377087,-0.012307592781874413
2023-08-21,908434.1884573469,0.004253668960068731,0.9798561947985638,0.04220723113956806,0.020150100803080526,0.004253668960068731
2023-08-22,912964.5108442452,0.004986957167025471,0.9798561947985638,0.010276683121218877,0.020136422938179317,0.004986957167025471
2023-08-23,915333.4765371574,0.0025948058930807464,0.9798561947985638,0.035689302948652496,0.02018375673893262,0.0025948058930807464
2023-08-24,923717.4346287192,0.009159457516269981,0.9798561947985638,0.0,0.020093304330917144,0.009159457516269981
2023-08-25,914328.6101185437,-0.010164173759423805,0.9798561947985638,0.025132276339432602,0.02044424781807557,-0.010164173759423805
2023-08-28,921537.2867358021,0.007884120148360808,0.9798561947985638,0.024284345290816772,0.02007811800469618,0.007884120148360808
2023-08-29,920900.7282061756,-0.000690757214915557,0.9798561947985638,0.016700681441769033,0.020250754620974233,-0.000690757214915557
2023-08-30,934650.2940328747,0.014930562443448106,0.9798561947985638,0.02731031734534231,0.019938629788261195,0.014930562443448106
2023-08-31,937937.6089438547,0.003517160302593684,0.9119528931517304,0.06810857267754702,0.0881364473221644,0.003517160302593684
2023-09-01,939292.3035193878,0.0014443333571606968,0.9119528931517304,0.010634238181948696,0.0883264292090015,0.0014443333571606968
2023-09-05,932579.0307929167,-0.007147160368841049,0.9119528931517304,0.0,0.08937477153274251,-0.007147160368841049
2023-09-06,929795.4953113098,-0.0029847716812163015,0.9119528931517304,0.01367385080141284,0.08873149167958745,-0.0029847716812163015
2023-09-07,922972.7862387962,-0.007337859891684326,0.9790848456341228,0.06781628174420856,0.021168499358487667,-0.007337859891684326
2023-09-08,926055.0485039167,0.0033394941986112448,0.9790848456341228,0.010711631147777734,0.02094496376228227,0.0033394941986112448
2023-09-11,929824.0135448601,0.004069914684912397,0.9790848456341228,0.0,0.020959896876160008,0.004069914684912397
2023-09-12,926751.7390678375,-0.003304146195697665,0.9790848456341228,0.019324281285756056,0.021084242129489835,-0.003304146195697665
2023-09-13,926401.47635885,-0.00037794664333704546,0.9790848456341228,0.022116388928971165,0.021022435620756043,-0.00037794664333704546
2023-09-14,928471.3877554215,0.002234356755029216,0.9790848456341228,0.011656570304535874,0.02096814713768772,0.002234356755029216
2023-09-15,929034.6893122814,0.0006066978092041815,0.9790848456341228,0.025262497783625132,0.021001708658399402,0.0006066978092041815
2023-09-18,922521.4957545662,-0.007010710829900951,0.9790848456341228,0.027556808139447386,0.021162623283173167,-0.007010710829900951
2023-09-19,923274.5446418122,0.0008162941359215783,0.9790848456341228,0.02445535682586139,0.0209973351645865,0.0008162941359215783
2023-09-20,925130.5669269699,0.002010260432207355,0.9790848456341228,0.019333592539944322,0.020972476791739168,0.002010260432207355
2023-09-21,910069.5974155827,-0.016279831247404983,0.9790848456341228,0.014433921590900178,0.021362569788566464,-0.016279831247404983
2023-09-22,907030.3773677145,-0.0033395468396032442,0.9790848456341228,0.021061849137145733,0.021084996158392138,-0.0033395468396032442
2023-09-25,901121.6762027666,-0.006514336578335483,0.9790848456341228,0.034084884297215595,0.021151962304425054,-0.006514336578335483
2023-09-26,898584.4442966677,-0.0028156374140177473,0.9790848456341228,0.02085569531596365,0.021073984913077225,-0.0028156374140177473
2023-09-27,894960.6615185675,-0.004032768206817338,0.9790848456341228,0.035796438804492375,0.02109920555492488,-0.004032768206817338
2023-09-28,888111.5750843973,-0.0076529469156204274,0.9790848456341228,0.025797084334038517,0.021176495151162007,-0.0076529469156204274
2023-09-29,898874.2186691309,0.01211857145732035,0.9790848456341228,0.023188759483513732,0.0207628987341039,0.01211857145732035
2023-10-02,886284.9570479837,-0.014005587611342197,0.9790848456341228,0.07038861788450718,0.021311507719590502,-0.014005587611342197
2023-10-03,882027.4677043249,-0.004803747722221903,0.8530270654889033,0.1256615017781411,0.14836124494710118,-0.004803747722221903
2023-10-04,878269.9212672217,-0.004260124060402615,0.8530270654889033,0.03930198917251998,0.14829940984607848,-0.004260124060402615
2023-10-05,881662.6754890799,0.003862997171715673,0.8530270654889033,0.04690252697776287,0.14709770770261654,0.003862997171715673
2023-10-06,875588.7586487052,-0.006889161818044925,0.9051201325366581,0.07035368710805256,0.09598513683961363,-0.006889161818044925
2023-10-09,886606.1536213374,0.012582841960688602,0.9051201325366581,0.026459762827890643,0.09414553674029895,0.012582841960688602
2023-10-10,894158.46898249,0.008518230253991866,0.8495946989154465,0.056259810606960614,0.1498360635938238,0.008518230253991866
2023-10-11,902162.2539945821,0.008951192981709407,0.8495946989154465,0.0345430190990324,0.14977658337355773,0.008951192981709407
2023-10-12,904974.3207588575,0.0031170299486862757,0.8495946989154465,0.03942793875464684,0.15064653673058515,0.0031170299486862757
2023-10-13,905633.7497913316,0.0007286715405594049,0.8495946989154465,0.0420112156752834,0.15100548524911533,0.0007286715405594049
2023-10-16,902962.4294955255,-0.002949669550656152,0.8495946989154465,0.030972784183533414,0.15156513887869216,-0.002949669550656152
2023-10-17,900675.2893309045,-0.0025329294884382466,0.9016976263775356,0.10680235391995802,0.09900766165800938,-0.0025329294884382466
2023-10-18,903360.0377337966,0.0029808172098144247,0.9016976263775356,0.09264718441961545,0.09846558394664082,0.0029808172098144247
2023-10-19,899939.4106724287,-0.003786560085111891,0.9016976263775356,0.0,0.09931287328230723,-0.003786560085111891
2023-10-20,894279.7377300335,-0.0062889488728650475,0.969260804975826,0.0685736841719331,0.031078574866252002,-0.0062889488728650475
2023-10-23,886517.0411514451,-0.008680389648872657,0.969260804975826,0.03285198110485385,0.03115527624827161,-0.008680389648872657
2023-10-24,892609.9185781504,0.006872826064112249,0.969260804975826,0.016376167575928635,0.03067471865379972,0.006872826064112249
2023-10-25,892933.1941159607,0.0003621688837216127,0.969260804975826,0.010553005826116457,0.030874628153700217,0.0003621688837216127
2023-10-26,884732.9385321352,-0.009183504026797995,0.969260804975826,0.026622148532132933,0.03117120895787502,-0.009183504026797995
2023-10-27,882887.8869303265,-0.002085433379331265,0.969260804975826,0.06010496012612995,0.03094805668003394,-0.002085433379331265
2023-10-30,883598.2847867181,0.0008046297462088507,0.969260804975826,0.019120898004262754,0.030860581695578277,0.0008046297462088507
2023-10-31,887566.7867013603,0.004491296534827567,0.969260804975826,0.02927223725496028,0.030746791267962138,0.004491296534827567
2023-11-01,889327.8251293907,0.001984119341120613,0.969260804975826,0.047382794616741664,0.030822948192275913,0.001984119341120613
2023-11-02,904700.2724973449,0.017285467668480523,0.969260804975826,0.01732691724302088,0.030360755718484105,0.017285467668480523
2023-11-03,915534.5792366217,0.011975575854940017,0.8745965395737864,0.09504276025201316,0.12449480966974287,0.011975575854940017
2023-11-06,915366.4265579653,-0.00018366611427893693,0.8745965395737864,0.04205014528347223,0.12601881373463833,-0.00018366611427893693
2023-11-07,915765.747440392,0.000436241564952573,0.8745965395737864,0.021952531506164524,0.1259445303004284,0.000436241564952573
2023-11-08,920122.1290301189,0.004757091649150652,0.8745965395737864,0.011334841652896416,0.1254049147900087,0.004757091649150652
2023-11-09,920993.0889796974,0.0009465699412061398,0.8745965395737864,0.02768091433864936,0.12587923446685823,0.0009465699412061398
2023-11-10,917049.2104311022,-0.004282202109642735,0.9274508405855506,0.053330013810219956,0.07320406893952139,-0.004282202109642735
2023-11-13,918156.7894524925,0.0012077639986949281,0.9274508405855506,0.042512307569806146,0.07280379183910765,0.0012077639986949281
2023-11-14,934601.483172388,0.01791055069113165,0.9274508405855506,0.03551839516836511,0.07160991340015889,0.01791055069113165
2023-11-15,937083.2746671651,0.002655454265226442,0.8227699689931697,0.10562008973668457,0.17757842360011683,0.002655454265226442
2023-11-16,938093.0597110561,0.0010775830400447542,0.8227699689931697,0.0,0.17823621154399014,0.0010775830400447542
2023-11-17,941979.7517322932,0.0041431838568705024,0.8227699689931697,0.02015000399105052,0.17733806396911228,0.0041431838568705024
2023-11-20,939835.772029839,-0.002276035868617574,0.8894686724428539,0.06680662123936756,0.1113026219191061,-0.002276035868617574
2023-11-21,948456.4851533531,0.009172573953952866,0.8894686724428539,0.05194268113989037,0.11004234126361079,0.009172573953952866
2023-11-22,951609.9025058474,0.003324788645400481,0.8894686724428539,0.01630154865054126,0.11068957588390702,0.003324788645400481
2023-11-23,952087.9543807638,0.0005023611814647767,0.8894686724428539,0.017736175273261517,0.11100164833830206,0.0005023611814647767
2023-11-24,950469.5383160112,-0.0016998598262964368,0.9441308454551045,0.055132486255630025,0.05622747632166771,-0.0016998598262964368
2023-11-27,952113.2296257825,0.001729346647640563,0.9441308454551045,0.01125095482886701,0.05603874033772042,0.001729346647640563
2023-11-28,954319.7358998966,0.002317483052915222,1.0,0.05603874033772038,0.0,0.002317483052915222
2023-11-29,962369.0569613794,0.008434616574174155,1.0,0.014192360497460532,5.938770962038698e-08,0.008434616574174155
2023-11-30,960748.8035730842,-0.0016836091898164646,1.0,0.0301064778082534,0.0,-0.0016836091898164646
2023-12-01,959880.035469608,-0.0009042614471599089,1.0,0.018861016953512943,0.0,-0.0009042614471599089
2023-12-04,962939.3167168684,0.003187149575169242,1.0,0.040794991747562515,1.1939194290908832e-07,0.003187149575169242
2023-12-05,962194.6176735862,-0.0007733603045945147,1.0,0.039622533988725395,0.0,-0.0007733603045945147
2023-12-06,970769.3314552633,0.008911621021544672,1.0,0.07168396136425984,0.0,0.008911621021544672
2023-12-07,968845.1349539331,-0.001982135651572048,1.0,0.03652330045530916,0.0,-0.001982135651572048
2023-12-08,964741.5666872893,-0.004235525491738069,1.0,0.010801326777482023,0.0,-0.004235525491738069
2023-12-11,965477.1023377109,0.0007624172895828469,1.0,0.022585349511380692,0.0,0.0007624172895828469
2023-12-12,968558.9572480472,0.0031920538590446313,1.0,0.022158315209098445,0.0,0.0031920538590446313
2023-12-13,974308.4155777469,0.005936095357618245,1.0,0.023786006386619957,0.0,0.005936095357618245
2023-12-14,994194.432928344,0.0204103926771535,1.0,0.01282831935772466,0.0,0.0204103926771535
2023-12-15,994371.2453312711,0.0001778448933839761,0.8699644030346841,0.1300355811422405,0.13060919011185282,0.0001778448933839761
2023-12-18,994999.3307070187,0.0006316407264355267,0.8699644030346841,0.026056052458253626,0.13057026547217265,0.0006316407264355267
2023-12-19,998492.4094122,0.003510634225953868,0.92523723309782,0.05729116610377341,0.07485127255779596,0.003510634225953868
2023-12-20,1001357.1879287383,0.0028691039506497443,0.92523723309782,0.010361407661302807,0.07490454245950899,0.0028691039506497443
2023-12-21,1001108.2790188063,-0.0002485715516227216,0.92523723309782,0.0,0.075281732437235,-0.0002485715516227216
2023-12-22,1005499.7133778626,0.0043865728124437954,1.0,0.07528173243723485,0.0,0.0043865728124437954
2023-12-26,1003340.62113346,-0.002147282804437005,1.0,0.022264604468425125,0.0,-0.002147282804437005
2023-12-27,1008788.9672984524,0.005430205904389186,1.0,0.020527469076008886,5.956460410942248e-08,0.005430205904389186
2023-12-28,1012219.1584488363,0.0034003059723878583,1.0,0.018968751208304935,5.968524766703591e-08,0.0034003059723878583
2023-12-29,1008176.345075187,-0.003994009933426496,1.0,0.01083574898085335,6.012908344716498e-08,-0.003994009933426496
